Run_ID,Total_MAE,pressure_R2,pressure_NRMSE,pressure_MAE,velocity_u_R2,velocity_u_NRMSE,velocity_u_MAE,velocity_v_R2,velocity_v_NRMSE,velocity_v_MAE,velocity_w_R2,velocity_w_NRMSE,velocity_w_MAE,wall_shear_x_R2,wall_shear_x_NRMSE,wall_shear_x_MAE,wall_shear_y_R2,wall_shear_y_NRMSE,wall_shear_y_MAE,wall_shear_z_R2,wall_shear_z_NRMSE,wall_shear_z_MAE
0022_diastolic_aneurysm,0.17534615,0.9927078229300664,0.016636845713090414,0.9400682,0.0,9636104.106903076,0.07979533,0.0,1063685.491681099,0.007928504,0.0,1045958.6977958679,0.008003913,0.9836132996727336,0.0217606953111196,0.07875166,0.9802624080129071,0.02432914551009763,0.058014285,0.9772933712713859,0.023336283020103762,0.05486119
