Run_ID,Total_MAE,pressure_R2,pressure_NRMSE,pressure_MAE,velocity_u_R2,velocity_u_NRMSE,velocity_u_MAE,velocity_v_R2,velocity_v_NRMSE,velocity_v_MAE,velocity_w_R2,velocity_w_NRMSE,velocity_w_MAE,wall_shear_x_R2,wall_shear_x_NRMSE,wall_shear_x_MAE,wall_shear_y_R2,wall_shear_y_NRMSE,wall_shear_y_MAE,wall_shear_z_R2,wall_shear_z_NRMSE,wall_shear_z_MAE
0023_diastolic_aneurysm,0.27762216,0.9887847072891809,0.015894175061549325,1.5004767,0.0,9679204.225540161,0.07952983,0.0,1032903.790473938,0.008140897,0.0,976900.8494913578,0.0073247133,0.976199646874253,0.027400190318122054,0.14335515,0.9503139226729871,0.023108384169272266,0.10221904,0.974336485338475,0.02482097611059416,0.10230889
