Run_ID,Total_MAE,pressure_R2,pressure_NRMSE,pressure_MAE,velocity_u_R2,velocity_u_NRMSE,velocity_u_MAE,velocity_v_R2,velocity_v_NRMSE,velocity_v_MAE,velocity_w_R2,velocity_w_NRMSE,velocity_w_MAE,wall_shear_x_R2,wall_shear_x_NRMSE,wall_shear_x_MAE,wall_shear_y_R2,wall_shear_y_NRMSE,wall_shear_y_MAE,wall_shear_z_R2,wall_shear_z_NRMSE,wall_shear_z_MAE
0022_systolic_aneurysm,0.60067934,0.9940520599677939,0.014597685966218065,3.6464493,0.0,9660781.919956207,0.07995756,0.0,1357908.1743955612,0.010088709,0.0,1055301.5395998955,0.007998756,0.9759569438652922,0.021194108837855555,0.18445931,0.9737098504552788,0.023725014312022792,0.12633467,0.9753650260051941,0.01919921671440293,0.14946714
