Run_ID,Total_MAE,pressure_R2,pressure_NRMSE,pressure_MAE,velocity_u_R2,velocity_u_NRMSE,velocity_u_MAE,velocity_v_R2,velocity_v_NRMSE,velocity_v_MAE,velocity_w_R2,velocity_w_NRMSE,velocity_w_MAE,wall_shear_x_R2,wall_shear_x_NRMSE,wall_shear_x_MAE,wall_shear_y_R2,wall_shear_y_NRMSE,wall_shear_y_MAE,wall_shear_z_R2,wall_shear_z_NRMSE,wall_shear_z_MAE
0025_systolic_aneurysm,0.21554138,0.9947396133009331,0.01406477537681761,1.2018752,0.0,9560397.267341614,0.07880655,0.0,976969.6742296219,0.0074709877,0.0,983992.125838995,0.0074044876,0.9733925433836416,0.021642523628006706,0.083358385,0.9512974249092967,0.025008589278327744,0.05595003,0.9655397181610629,0.01934220244420806,0.0739241
